site_id,ref_id,ref_pos,ref_allele,major_allele_mid,minor_allele_mid,major_allele_end,minor_allele_end,Same_major,Same_minor,Min_major,maj_minor,2EM_Snp_freq,3EM_Snp_freq,6EM_Snp_freq,2EE_Snp_freq,3EE_Snp_freq,6EE_Snp_freq,2EM_Snp_depth,3EM_Snp_depth,6EM_Snp_depth,2EE_Snp_depth,3EE_Snp_depth,6EE_Snp_depth
1,SUPERPANG_0_length=171158,1,T,T,C,C,T,FALSE,FALSE,TRUE,TRUE,0.417,0.462,0.52,0.25,0.68,0.621,24,26,25,32,25,29
171159,SUPERPANG_100_length=177249,1,T,A,T,T,A,FALSE,FALSE,TRUE,TRUE,0,1,0.25,0,0,0.5,0,1,4,3,1,4
171313,SUPERPANG_100_length=177249,155,A,A,G,G,A,FALSE,FALSE,TRUE,TRUE,0.639,0.617,0.348,0.541,0.212,0.554,208,201,385,338,203,303
348405,SUPERPANG_100_length=177249,177247,C,T,C,C,T,FALSE,FALSE,TRUE,TRUE,0.529,0.542,0.407,0.476,0.477,0.457,17,24,27,21,44,35
348409,SUPERPANG_101_length=51684,2,A,A,G,G,A,FALSE,FALSE,TRUE,TRUE,0.455,0.371,0.462,0.471,0.529,0.477,66,35,39,34,34,44
406901,SUPERPANG_103_length=23277,6050,A,A,G,G,A,FALSE,FALSE,TRUE,TRUE,0.467,0.572,0.489,0.447,0.363,0.519,165,145,470,340,135,210
424129,SUPERPANG_104_length=9869,1,C,A,C,C,A,FALSE,FALSE,TRUE,TRUE,0,0,0.667,0.25,0.333,1,2,2,3,4,3,2
424130,SUPERPANG_104_length=9869,2,T,G,T,T,G,FALSE,FALSE,TRUE,TRUE,0.333,0.5,0.5,0.333,0.6,0.375,3,6,6,15,5,8
438621,SUPERPANG_105_length=4628,4624,C,C,A,A,C,FALSE,FALSE,TRUE,TRUE,0,0.333,0.556,0.5,0,0.333,2,3,9,8,1,3
447187,SUPERPANG_107_length=4195,4195,T,A,C,C,T,FALSE,FALSE,TRUE,FALSE,0,0,1,0.5,0.6,0,1,0,1,2,5,1
449803,SUPERPANG_10_length=47083,4,A,G,C,C,G,FALSE,FALSE,TRUE,TRUE,0.464,0.531,0.389,0.441,0.543,0.5,28,32,18,34,46,32
496884,SUPERPANG_110_length=574,2,T,C,T,T,C,FALSE,FALSE,TRUE,TRUE,0,0,0.5,0.375,0,0.167,0,0,8,8,1,6
497667,SUPERPANG_11_length=42957,3,C,G,C,C,G,FALSE,FALSE,TRUE,TRUE,0.433,0.521,0.512,0.473,0.5,0.526,60,73,80,91,64,76
594527,SUPERPANG_12_length=76102,53906,C,A,C,C,A,FALSE,FALSE,TRUE,TRUE,0.5,0.5,0,0,0.333,0.333,2,2,0,0,3,6
608503,SUPERPANG_12_length=76102,67882,A,A,T,T,A,FALSE,FALSE,TRUE,TRUE,0.397,0.416,0.493,0.369,0.43,0.534,1762,1601,1425,1659,1874,2143
608506,SUPERPANG_12_length=76102,67885,C,C,T,T,C,FALSE,FALSE,TRUE,TRUE,0.39,0.404,0.485,0.371,0.437,0.54,1738,1594,1397,1626,1853,2114
608523,SUPERPANG_12_length=76102,67902,T,T,C,C,T,FALSE,FALSE,TRUE,TRUE,0.408,0.421,0.502,0.355,0.434,0.538,1815,1712,1448,1740,1919,2214
691632,SUPERPANG_14_length=36636,36636,C,C,G,G,C,FALSE,FALSE,TRUE,TRUE,0.333,0.553,0.451,0.403,0.514,0.574,39,38,51,67,72,54
759820,SUPERPANG_17_length=82429,2,T,A,T,T,A,FALSE,FALSE,TRUE,TRUE,0.304,0.48,0.586,0.41,0.609,0.355,23,25,29,39,23,31
791977,SUPERPANG_17_length=82429,32159,A,G,A,A,G,FALSE,FALSE,TRUE,TRUE,0.324,0.271,0.584,0.582,0.585,0.367,68,70,77,79,65,90
905019,SUPERPANG_19_length=31097,31096,T,A,T,T,A,FALSE,FALSE,TRUE,TRUE,0.417,0.424,0.6,0.356,0.458,0.585,36,66,35,45,59,41
1108026,SUPERPANG_21_length=76621,41852,G,G,A,A,G,FALSE,FALSE,TRUE,TRUE,0.75,0.25,0,0.667,0.5,0.429,4,4,1,3,4,7
1164477,SUPERPANG_23_length=20494,2,G,A,G,G,A,FALSE,FALSE,TRUE,TRUE,0.571,0.462,0.452,0.473,0.516,0.436,56,65,73,74,126,94
1303019,SUPERPANG_25_length=110247,99569,C,A,C,C,A,FALSE,FALSE,TRUE,TRUE,0.564,0.403,0.469,0.495,0.449,0.5,117,149,177,202,343,298
1314819,SUPERPANG_26_length=15701,1122,C,A,C,C,A,FALSE,FALSE,TRUE,TRUE,0.477,0.433,0.458,0.502,0.465,0.427,199,180,142,217,170,143
1314820,SUPERPANG_26_length=15701,1123,A,G,A,A,G,FALSE,FALSE,TRUE,TRUE,0.51,0.467,0.463,0.462,0.433,0.381,204,184,149,225,180,147
1423168,SUPERPANG_28_length=13079,2,A,A,G,G,A,FALSE,FALSE,TRUE,TRUE,0.51,0.444,0.52,0.506,0.346,0.426,49,36,50,81,52,61
1436246,SUPERPANG_29_length=11951,1,C,A,G,G,A,FALSE,FALSE,TRUE,TRUE,0.385,0.444,0.556,0.429,0.222,0.2,13,9,9,7,9,5
1436249,SUPERPANG_29_length=11951,4,G,C,G,G,A,FALSE,FALSE,TRUE,FALSE,0.471,0.462,0.438,0.333,0.417,0.455,17,13,16,9,12,11
1448193,SUPERPANG_29_length=11951,11948,A,T,A,A,C,FALSE,FALSE,TRUE,FALSE,0.667,0.5,0.3,0,0,0.333,3,6,10,4,2,3
1448195,SUPERPANG_29_length=11951,11950,A,G,A,A,C,FALSE,FALSE,TRUE,FALSE,0.5,0.4,0.125,0.333,0,0.5,2,5,8,3,1,2
1448196,SUPERPANG_29_length=11951,11951,T,A,T,T,A,FALSE,FALSE,TRUE,TRUE,0.5,0.4,0.167,0.5,0,0,2,5,6,2,1,1
1589348,SUPERPANG_31_length=9497,1,A,T,A,A,T,FALSE,FALSE,TRUE,TRUE,0.571,0.353,0.545,0.519,0.509,0.431,21,34,33,27,53,51
1598848,SUPERPANG_32_length=37140,4,C,T,C,C,T,FALSE,FALSE,TRUE,TRUE,0.404,0.333,0.667,0.5,0.5,0.311,47,54,63,66,54,61
1635982,SUPERPANG_32_length=37140,37138,T,G,T,T,G,FALSE,FALSE,TRUE,TRUE,0.211,0.556,0.429,0.381,0.5,0.548,38,18,21,21,22,31
1635984,SUPERPANG_32_length=37140,37140,T,A,G,G,T,FALSE,FALSE,TRUE,FALSE,0.5,0.4,0.4,0.5,0,0.333,4,5,5,8,4,6
1645206,SUPERPANG_33_length=9224,9222,A,A,C,C,A,FALSE,FALSE,TRUE,TRUE,0.286,0.407,0.6,0.483,0.471,0.414,28,27,25,29,34,29
1659065,SUPERPANG_35_length=6880,6877,T,G,T,T,G,FALSE,FALSE,TRUE,TRUE,0.465,0.425,0.4,0.382,0.353,0.282,43,40,35,55,51,39
1659066,SUPERPANG_35_length=6880,6878,G,C,G,G,C,FALSE,FALSE,TRUE,TRUE,0.489,0.478,0.535,0.339,0.333,0.25,45,46,43,62,54,44
1659071,SUPERPANG_36_length=178356,3,T,C,T,T,C,FALSE,FALSE,TRUE,TRUE,0.6,0.5,0.376,0.512,0.429,0.517,40,60,85,84,70,60
1833329,SUPERPANG_36_length=178356,174261,A,C,A,A,C,FALSE,FALSE,TRUE,TRUE,0.4,0.386,0.388,0.444,0.443,0.53,50,44,49,72,61,66
1837421,SUPERPANG_36_length=178356,178353,T,T,C,C,T,FALSE,FALSE,TRUE,TRUE,0.581,0.481,0.403,0.443,0.473,0.393,43,54,62,70,55,56
2019033,SUPERPANG_3_length=88079,50519,T,A,T,T,A,FALSE,FALSE,TRUE,TRUE,0.481,0.373,0.443,0.429,0.548,0.496,129,110,88,126,104,121
2019034,SUPERPANG_3_length=88079,50520,C,T,C,C,T,FALSE,FALSE,TRUE,TRUE,0.5,0.411,0.472,0.391,0.51,0.504,132,107,89,128,104,121
2056593,SUPERPANG_3_length=88079,88079,G,C,G,G,C,FALSE,FALSE,TRUE,TRUE,0.133,0.533,0.6,0.583,0.375,0.455,15,15,5,12,8,11
2056595,SUPERPANG_40_length=3626,2,G,G,C,C,G,FALSE,FALSE,TRUE,TRUE,0.25,0.176,0.556,0.294,0.51,0.564,20,17,18,34,51,55
2056596,SUPERPANG_40_length=3626,3,T,T,G,G,T,FALSE,FALSE,TRUE,TRUE,0.4,0.222,0.368,0.242,0.52,0.537,20,18,19,33,50,54
2066168,SUPERPANG_43_length=2752,2,A,A,G,G,A,FALSE,FALSE,TRUE,TRUE,0.565,0.485,0.382,0.458,0.667,0.438,69,33,34,24,9,48
2071231,SUPERPANG_47_length=204717,4,G,G,C,C,G,FALSE,FALSE,TRUE,TRUE,0.373,0.4,0.474,0.561,0.422,0.523,51,60,76,98,135,132
2168391,SUPERPANG_47_length=204717,97164,C,C,A,A,C,FALSE,FALSE,TRUE,TRUE,0.561,0.639,0.342,0.535,0.273,0.57,171,155,266,269,205,414
2469408,SUPERPANG_49_length=145855,107709,T,G,T,T,G,FALSE,FALSE,TRUE,TRUE,0.477,0.518,0.49,0.462,0.537,0.423,199,253,261,333,505,409
2507553,SUPERPANG_49_length=145855,145854,A,A,C,C,A,FALSE,FALSE,TRUE,TRUE,0.667,0,0.429,0.6,0.4,0.2,3,1,7,5,5,5
2624275,SUPERPANG_50_length=39799,39775,C,T,C,C,NA,FALSE,FALSE,TRUE,FALSE,0,0,0.5,0,0,0,1,0,2,0,0,1
2624277,SUPERPANG_50_length=39799,39777,G,C,G,G,NA,FALSE,FALSE,TRUE,FALSE,0,0,0.5,0,0,0,1,0,2,0,0,1
2663783,SUPERPANG_53_length=5471,1,T,C,T,T,C,FALSE,FALSE,TRUE,TRUE,0.571,0.263,0.36,0.25,0.419,0.525,7,19,25,28,31,40
2807823,SUPERPANG_54_length=138570,138570,G,C,G,G,A,FALSE,FALSE,TRUE,FALSE,0.167,1,0.75,0,0.25,0.294,6,2,4,6,16,17
2896780,SUPERPANG_55_length=122116,88957,A,A,G,G,A,FALSE,FALSE,TRUE,TRUE,0.619,0.626,0.36,0.484,0.227,0.579,215,211,414,409,415,584
2929938,SUPERPANG_55_length=122116,122115,G,G,T,T,G,FALSE,FALSE,TRUE,TRUE,0.167,0.667,0,0.5,0.25,0.5,6,3,1,2,4,2
2994922,SUPERPANG_57_length=239479,58051,A,A,G,G,A,FALSE,FALSE,TRUE,TRUE,0.546,0.669,0.366,0.45,0.146,0.516,249,245,426,351,321,434
2994924,SUPERPANG_57_length=239479,58053,C,C,G,G,C,FALSE,FALSE,TRUE,TRUE,0.525,0.649,0.321,0.487,0.153,0.551,238,239,424,349,300,419
2996819,SUPERPANG_57_length=239479,59948,T,T,C,C,T,FALSE,FALSE,TRUE,TRUE,0.606,0.663,0.318,0.567,0.207,0.554,213,205,340,321,266,325
3176350,SUPERPANG_57_length=239479,239479,G,C,G,G,C,FALSE,FALSE,TRUE,TRUE,0.5,0.5,0.438,0,0.667,0.375,6,14,16,10,15,8
3376855,SUPERPANG_59_length=357528,191386,G,G,A,A,G,FALSE,FALSE,TRUE,TRUE,0.553,0.645,0.338,0.595,0.252,0.615,237,265,471,393,416,519
3621306,SUPERPANG_60_length=1938,1937,G,C,G,G,C,FALSE,FALSE,TRUE,TRUE,0.529,0.5,0.4,0.4,0.312,0.5,17,26,15,25,16,26
3681297,SUPERPANG_62_length=73671,2619,C,C,T,T,C,FALSE,FALSE,TRUE,TRUE,0.613,0.608,0.333,0.56,0.174,0.538,191,153,324,293,195,275
3689445,SUPERPANG_62_length=73671,10767,C,C,T,T,C,FALSE,FALSE,TRUE,TRUE,0.473,0.624,0.336,0.493,0.27,0.481,131,117,146,146,115,160
3689446,SUPERPANG_62_length=73671,10768,A,A,C,C,A,FALSE,FALSE,TRUE,TRUE,0.496,0.625,0.333,0.493,0.269,0.506,131,112,153,144,108,156
3878387,SUPERPANG_64_length=51292,51289,C,C,A,A,C,FALSE,FALSE,TRUE,TRUE,0.4,0.409,0.438,0.4,0.451,0.414,15,22,32,30,71,29
3878393,SUPERPANG_65_length=14347,3,G,C,G,G,C,FALSE,FALSE,TRUE,TRUE,0,0,0.429,0.6,0.25,0,2,0,7,5,4,0
3914306,SUPERPANG_66_length=21572,21569,A,A,T,T,NA,FALSE,FALSE,TRUE,FALSE,0,0,0.6,0,0,0,0,2,5,0,0,2
3983384,SUPERPANG_68_length=77131,58183,T,T,C,C,T,FALSE,FALSE,TRUE,TRUE,0.611,0.658,0.311,0.504,0.267,0.539,257,219,399,363,315,566
3997451,SUPERPANG_68_length=77131,72250,G,G,A,A,G,FALSE,FALSE,TRUE,TRUE,0.629,0.721,0.317,0.533,0.223,0.527,251,258,517,465,421,600
3997865,SUPERPANG_68_length=77131,72664,C,C,T,T,C,FALSE,FALSE,TRUE,TRUE,0.519,0.64,0.242,0.574,0.259,0.614,214,200,434,350,375,542
3997871,SUPERPANG_68_length=77131,72670,G,G,A,A,G,FALSE,FALSE,TRUE,TRUE,0.598,0.701,0.304,0.499,0.237,0.551,249,224,428,377,417,597
4008853,SUPERPANG_69_length=59648,6521,G,G,C,C,G,FALSE,FALSE,TRUE,TRUE,0.533,0.634,0.353,0.588,0.247,0.524,137,131,241,233,182,252
4156739,SUPERPANG_6_length=94761,94759,C,C,G,G,C,FALSE,FALSE,TRUE,TRUE,0.5,0.404,0.433,0.365,0.439,0.451,74,52,67,85,82,91
4196667,SUPERPANG_70_length=39927,39926,G,C,G,G,C,FALSE,FALSE,TRUE,TRUE,0.514,0.5,0.468,0.5,0.438,0.537,37,40,47,60,73,80
4278113,SUPERPANG_71_length=81445,81445,A,A,T,T,A,FALSE,FALSE,TRUE,TRUE,0.375,0.533,0.538,0.421,0.3,0.571,8,15,13,19,10,14
4531682,SUPERPANG_76_length=2548,4,G,G,A,A,C,FALSE,FALSE,TRUE,FALSE,0,0,0.333,1,0,0,0,2,3,1,0,1
4536739,SUPERPANG_77_length=2513,2513,T,C,T,T,C,FALSE,FALSE,TRUE,TRUE,0.333,0.333,0.167,0.357,0.333,0.556,6,3,6,14,12,9
4538768,SUPERPANG_78_length=2030,2029,G,C,G,G,C,FALSE,FALSE,TRUE,TRUE,0,0.5,0.5,0.25,0,0,0,2,2,4,0,0
4598914,SUPERPANG_81_length=1195,4,A,T,A,A,T,FALSE,FALSE,TRUE,TRUE,0.5,0.3,0.515,0.471,0.4,0.412,20,10,33,34,5,17
4605529,SUPERPANG_85_length=145960,2768,T,C,A,A,C,FALSE,FALSE,TRUE,TRUE,0.457,0.448,0.286,0.611,0.367,0.393,46,29,35,36,30,28
4748767,SUPERPANG_86_length=40076,46,C,C,A,A,C,FALSE,FALSE,TRUE,TRUE,0.471,0.423,0.502,0.486,0.492,0.5,427,404,420,459,480,468
4788798,SUPERPANG_87_length=146998,1,T,T,G,G,T,FALSE,FALSE,TRUE,TRUE,0.25,0,0.333,0,0.333,1,4,3,3,3,3,4
4860794,SUPERPANG_87_length=146998,71997,A,C,A,A,C,FALSE,FALSE,TRUE,TRUE,0.303,0.172,0.423,0.648,0.427,0.451,185,157,189,244,330,286
4860798,SUPERPANG_87_length=146998,72001,A,G,A,A,G,FALSE,FALSE,TRUE,TRUE,0.342,0.18,0.465,0.581,0.384,0.402,158,133,170,210,318,264
4860801,SUPERPANG_87_length=146998,72004,A,C,A,A,C,FALSE,FALSE,TRUE,TRUE,0.411,0.22,0.506,0.522,0.355,0.364,129,109,156,182,273,258
4870842,SUPERPANG_87_length=146998,82045,G,A,G,G,A,FALSE,FALSE,TRUE,TRUE,0.317,0.229,0.575,0.514,0.314,0.371,126,105,219,185,306,248
4870844,SUPERPANG_87_length=146998,82047,A,G,A,A,G,FALSE,FALSE,TRUE,TRUE,0.347,0.315,0.578,0.493,0.337,0.355,147,127,237,225,315,251
4870845,SUPERPANG_87_length=146998,82048,G,C,G,G,C,FALSE,FALSE,TRUE,TRUE,0.195,0.161,0.473,0.631,0.427,0.461,154,137,245,233,328,267
4992601,SUPERPANG_8_length=195399,55936,G,G,A,A,G,FALSE,FALSE,TRUE,TRUE,0.488,0.482,0.493,0.48,0.488,0.507,1738,1716,1767,1982,1305,1630
4992740,SUPERPANG_8_length=195399,56075,G,G,T,T,G,FALSE,FALSE,TRUE,TRUE,0.502,0.478,0.512,0.488,0.464,0.481,1818,1803,1981,2287,1425,1768
5040599,SUPERPANG_8_length=195399,103934,C,C,G,G,C,FALSE,FALSE,TRUE,TRUE,0.581,0.539,0.295,0.584,0.272,0.588,229,254,448,425,367,480
5040602,SUPERPANG_8_length=195399,103937,T,T,C,C,T,FALSE,FALSE,TRUE,TRUE,0.628,0.611,0.327,0.524,0.218,0.544,215,226,391,376,349,434
5040813,SUPERPANG_8_length=195399,104148,G,G,C,C,G,FALSE,FALSE,TRUE,TRUE,0.596,0.579,0.287,0.538,0.16,0.495,166,216,345,357,263,398
5133411,SUPERPANG_93_length=11667,99,G,T,G,G,T,FALSE,FALSE,TRUE,TRUE,0.412,0.381,0.481,0.484,0.448,0.545,17,21,27,31,29,33
5237986,SUPERPANG_97_length=51150,51148,C,T,C,C,T,FALSE,FALSE,TRUE,TRUE,0.39,0.514,0.491,0.475,0.479,0.453,41,74,55,40,71,53
5238368,SUPERPANG_99_length=49566,21,G,A,C,C,A,FALSE,FALSE,TRUE,TRUE,0.333,0,1,0.571,0,0.429,6,0,2,7,1,7
5287914,SUPERPANG_9_length=48983,1,C,C,T,T,C,FALSE,FALSE,TRUE,TRUE,0.438,0.267,0.647,0.364,0.5,0.562,16,15,17,11,12,16