site_id,ref_id,ref_pos,ref_allele,major_allele_mid,minor_allele_mid,major_allele_end,minor_allele_end,Same_major,Same_minor,Min_major,maj_minor,1EM_SNP_freq,4EM_SNP_freq,5EM_SNP_freq,1EE_SNP_freq,4EE_SNP_freq,5EE_SNP_freq,1EM_Snp_depth,4EM_Snp_depth,5EM_Snp_depth,1EE_Snp_depth,4EE_Snp_depth,5EE_Snp_depth
348404,SUPERPANG_100_length=177249,177246,G,G,C,C,G,FALSE,FALSE,TRUE,TRUE,0.346,0.464,0.571,0.629,0.452,0.415,26,28,14,35,31,41
348409,SUPERPANG_101_length=51684,2,A,A,G,G,A,FALSE,FALSE,TRUE,TRUE,0.438,0.518,0.5,0.556,0.353,0.542,73,56,28,27,34,24
400090,SUPERPANG_101_length=51684,51683,T,C,T,T,C,FALSE,FALSE,TRUE,TRUE,0,0,0.5,0,0.2,0,0,0,2,2,5,3
400852,SUPERPANG_103_length=23277,1,G,G,T,T,G,FALSE,FALSE,TRUE,TRUE,0,0.5,0,0,1,0,0,6,0,0,2,4
424130,SUPERPANG_104_length=9869,2,T,T,G,G,T,FALSE,FALSE,TRUE,TRUE,0.667,0.25,0.333,0.714,0.429,0.375,6,4,3,7,7,8
438622,SUPERPANG_105_length=4628,4625,T,T,G,G,T,FALSE,FALSE,TRUE,TRUE,0,0.2,0,0,0.5,0.429,0,5,0,0,2,7
438627,SUPERPANG_106_length=4367,2,T,T,G,G,T,FALSE,FALSE,TRUE,TRUE,0,0.333,0,1,0,0.2,0,3,0,1,4,5
438630,SUPERPANG_106_length=4367,5,A,A,T,T,A,FALSE,FALSE,TRUE,TRUE,0,0.333,1,1,0,0.556,2,3,1,1,4,9
448854,SUPERPANG_109_length=948,3,A,G,A,A,G,FALSE,FALSE,TRUE,TRUE,0.667,0.5,0.2,0.167,0.333,0.25,6,2,5,6,3,4
449803,SUPERPANG_10_length=47083,4,A,G,C,C,G,FALSE,FALSE,TRUE,TRUE,0.4,0.545,0.176,0.424,0.444,0.517,20,22,17,33,18,29
497667,SUPERPANG_11_length=42957,3,C,G,C,C,G,FALSE,FALSE,TRUE,TRUE,0.5,0.456,0.4,0.484,0.507,0.438,76,57,45,95,71,80
594515,SUPERPANG_12_length=76102,53894,G,G,C,C,G,FALSE,FALSE,TRUE,TRUE,0.361,0.417,0.545,0.506,0.378,0.519,36,36,22,77,45,54
594516,SUPERPANG_12_length=76102,53895,A,C,A,A,C,FALSE,FALSE,TRUE,TRUE,0.353,0.4,0.474,0.507,0.421,0.489,34,35,19,75,38,47
608503,SUPERPANG_12_length=76102,67882,A,A,T,T,A,FALSE,FALSE,TRUE,TRUE,0.404,0.417,0.465,0.338,0.434,0.477,1918,1768,1175,1600,1564,1652
608506,SUPERPANG_12_length=76102,67885,C,C,T,T,C,FALSE,FALSE,TRUE,TRUE,0.398,0.408,0.462,0.344,0.437,0.483,1916,1759,1175,1562,1543,1620
608523,SUPERPANG_12_length=76102,67902,T,T,C,C,T,FALSE,FALSE,TRUE,TRUE,0.41,0.415,0.473,0.33,0.426,0.466,1994,1869,1215,1659,1589,1711
616410,SUPERPANG_12_length=76102,75789,C,A,C,C,A,FALSE,FALSE,TRUE,TRUE,0.443,0.481,0.418,0.472,0.56,0.4,158,135,98,127,109,55
691633,SUPERPANG_15_length=34456,1,A,A,C,C,A,FALSE,FALSE,TRUE,TRUE,0,1,0,0.25,1,0,1,1,3,4,2,3
726091,SUPERPANG_16_length=33730,3,G,G,T,T,G,FALSE,FALSE,TRUE,TRUE,0.5,0.463,0.429,0.564,0.549,0.333,48,54,28,39,51,60
759820,SUPERPANG_17_length=82429,2,T,A,T,T,A,FALSE,FALSE,TRUE,TRUE,0.323,0.3,0.391,0.389,0.619,0.429,31,30,23,36,21,35
791968,SUPERPANG_17_length=82429,32150,C,C,T,T,C,FALSE,FALSE,TRUE,TRUE,0.474,0.515,0.323,0.207,0.414,0.676,19,33,31,29,29,37
791970,SUPERPANG_17_length=82429,32152,G,G,C,C,G,FALSE,FALSE,TRUE,TRUE,0.609,0.531,0.312,0.152,0.296,0.641,23,32,32,33,27,39
791974,SUPERPANG_17_length=82429,32156,G,G,T,T,G,FALSE,FALSE,TRUE,TRUE,0.455,0.432,0.289,0.27,0.444,0.674,33,44,38,37,36,43
905019,SUPERPANG_19_length=31097,31096,T,T,A,A,T,FALSE,FALSE,TRUE,TRUE,0.566,0.4,0.5,0.519,0.514,0.447,53,40,34,27,37,47
1142798,SUPERPANG_22_length=21680,3,A,A,C,C,A,FALSE,FALSE,TRUE,TRUE,0.516,0.451,0.474,0.531,0.422,0.514,91,82,57,98,64,72
1303017,SUPERPANG_25_length=110247,99567,T,T,C,C,T,FALSE,FALSE,TRUE,TRUE,0.536,0.429,0.514,0.467,0.438,0.453,151,133,111,225,176,203
1303019,SUPERPANG_25_length=110247,99569,C,C,A,A,C,FALSE,FALSE,TRUE,TRUE,0.478,0.432,0.487,0.536,0.437,0.462,161,155,119,263,197,221
1418267,SUPERPANG_27_length=93768,88869,C,T,C,C,T,FALSE,FALSE,TRUE,TRUE,0.234,0.517,0.474,0.736,0.448,0.25,145,209,116,87,163,172
1418270,SUPERPANG_27_length=93768,88872,C,T,C,C,T,FALSE,FALSE,TRUE,TRUE,0.203,0.51,0.45,0.733,0.448,0.263,143,210,120,90,165,171
1423163,SUPERPANG_27_length=93768,93765,G,T,G,G,NA,FALSE,FALSE,TRUE,FALSE,0,0.5,0,0,0,0,0,2,1,0,5,8
1423165,SUPERPANG_27_length=93768,93767,G,G,C,C,G,FALSE,FALSE,TRUE,TRUE,0,0.5,0,0,0,0.143,0,2,1,0,5,7
1423169,SUPERPANG_28_length=13079,3,G,C,G,G,C,FALSE,FALSE,TRUE,TRUE,0.491,0.444,0.467,0.397,0.528,0.393,55,63,30,58,72,61
1436242,SUPERPANG_28_length=13079,13076,C,T,C,C,T,FALSE,FALSE,TRUE,TRUE,0.415,0.364,0.5,0.412,0.467,0.4,41,44,42,68,45,60
1448196,SUPERPANG_29_length=11951,11951,T,A,T,T,A,FALSE,FALSE,TRUE,TRUE,0.667,0,0,0,0.571,0.2,3,2,0,0,7,5
1635988,SUPERPANG_33_length=9224,4,A,C,A,A,C,FALSE,FALSE,TRUE,TRUE,0.458,0.529,0.333,0.524,0.433,0.5,24,17,12,42,30,26
1645206,SUPERPANG_33_length=9224,9222,A,A,C,C,A,FALSE,FALSE,TRUE,TRUE,0.476,0.5,0.455,0.5,0.333,0.515,21,18,11,38,18,33
1833326,SUPERPANG_36_length=178356,174258,G,C,G,G,C,FALSE,FALSE,TRUE,TRUE,0.524,0.533,0.308,0.438,0.521,0.365,63,45,26,48,48,52
1837421,SUPERPANG_36_length=178356,178353,T,C,T,T,C,FALSE,FALSE,TRUE,TRUE,0.464,0.54,0.324,0.381,0.492,0.387,56,50,37,84,59,62
1858704,SUPERPANG_37_length=21280,21280,T,T,C,C,T,FALSE,FALSE,TRUE,TRUE,0,0.8,0.333,0.273,0.444,0.4,2,5,6,11,18,10
2056593,SUPERPANG_3_length=88079,88079,G,C,G,G,C,FALSE,FALSE,TRUE,TRUE,0.214,0.261,0.5,0.667,0.529,0.167,14,23,6,3,17,6
2056595,SUPERPANG_40_length=3626,2,G,C,G,G,C,FALSE,FALSE,TRUE,TRUE,0.5,0.538,0.211,0.605,0.6,0.258,18,26,19,38,25,31
2060219,SUPERPANG_40_length=3626,3626,C,G,T,T,G,FALSE,FALSE,TRUE,TRUE,0.5,0.52,0.438,0.312,0.368,0.8,34,25,16,32,38,20
2063323,SUPERPANG_41_length=3105,3104,G,G,C,C,G,FALSE,FALSE,TRUE,TRUE,0.467,0.615,0.385,0.571,0.286,0.4,30,13,13,7,7,5
2071231,SUPERPANG_47_length=204717,4,G,C,G,G,C,FALSE,FALSE,TRUE,TRUE,0.472,0.456,0.415,0.412,0.557,0.482,53,68,41,97,79,83
2168325,SUPERPANG_47_length=204717,97098,G,G,A,A,G,FALSE,FALSE,TRUE,TRUE,0.706,0.408,0.465,0.167,0.443,0.702,109,211,101,126,140,208
2168391,SUPERPANG_47_length=204717,97164,C,C,A,A,C,FALSE,FALSE,TRUE,TRUE,0.583,0.452,0.465,0.222,0.418,0.663,180,230,129,176,196,297
2197738,SUPERPANG_47_length=204717,126511,G,A,G,G,A,FALSE,FALSE,TRUE,TRUE,0.253,0.504,0.389,0.918,0.544,0.301,194,278,162,110,169,286
2197740,SUPERPANG_47_length=204717,126513,T,C,T,T,C,FALSE,FALSE,TRUE,TRUE,0.259,0.522,0.399,0.904,0.549,0.322,185,278,153,104,162,283
2197801,SUPERPANG_47_length=204717,126574,C,G,C,C,G,FALSE,FALSE,TRUE,TRUE,0.347,0.598,0.453,0.844,0.558,0.256,147,241,137,90,163,277
2469408,SUPERPANG_49_length=145855,107709,T,G,T,T,G,FALSE,FALSE,TRUE,TRUE,0.481,0.536,0.469,0.435,0.414,0.442,241,265,162,393,263,308
2583986,SUPERPANG_4_length=76946,76432,A,G,A,A,G,FALSE,FALSE,TRUE,TRUE,0.349,0.386,0.441,0.424,0.482,0.418,690,660,447,406,494,378
2584499,SUPERPANG_4_length=76946,76945,G,A,G,G,A,FALSE,FALSE,TRUE,TRUE,0.619,0.222,0.25,0.714,0.333,0.222,21,9,4,7,3,9
2584501,SUPERPANG_50_length=39799,1,G,C,G,G,C,FALSE,FALSE,TRUE,TRUE,0.429,0.35,0.429,0.63,0.467,0.235,21,20,14,27,15,17
2669272,SUPERPANG_54_length=138570,19,G,A,G,G,T,FALSE,FALSE,TRUE,FALSE,0,0,0.5,0,0,0.667,0,0,2,3,0,3
2669273,SUPERPANG_54_length=138570,20,G,C,G,G,T,FALSE,FALSE,TRUE,FALSE,1,0,0,1,0,0.25,1,0,1,2,0,4
2797434,SUPERPANG_54_length=138570,128181,G,G,A,A,G,FALSE,FALSE,TRUE,TRUE,0.72,0.341,0.443,0.198,0.556,0.663,107,129,88,126,90,184
2797437,SUPERPANG_54_length=138570,128184,T,T,C,C,T,FALSE,FALSE,TRUE,TRUE,0.729,0.338,0.456,0.189,0.544,0.674,107,130,90,132,90,187
2896775,SUPERPANG_55_length=122116,88952,T,C,T,T,C,FALSE,FALSE,TRUE,TRUE,0.335,0.571,0.446,0.742,0.57,0.271,191,294,168,287,286,431
3176418,SUPERPANG_58_length=9119,68,G,G,T,T,G,FALSE,FALSE,TRUE,TRUE,0,0,1,0,1,0.5,1,0,1,3,2,2
3376855,SUPERPANG_59_length=357528,191386,G,A,G,G,A,FALSE,FALSE,TRUE,TRUE,0.237,0.551,0.494,0.819,0.577,0.245,207,354,176,282,298,470
3535311,SUPERPANG_59_length=357528,349842,G,G,A,A,G,FALSE,FALSE,TRUE,TRUE,0.643,0.438,0.4,0.176,0.384,0.69,126,194,105,159,164,277
3535410,SUPERPANG_59_length=357528,349941,T,C,T,T,C,FALSE,FALSE,TRUE,TRUE,0.341,0.564,0.478,0.661,0.493,0.32,173,264,134,177,203,331
3542995,SUPERPANG_59_length=357528,357526,G,A,G,G,A,FALSE,FALSE,TRUE,TRUE,0.6,0.5,0,0,0,1,5,6,2,3,1,1
3542996,SUPERPANG_59_length=357528,357527,A,A,G,G,A,FALSE,FALSE,TRUE,TRUE,0.25,0.4,0,0,0,1,4,5,2,2,1,1
3619368,SUPERPANG_5_length=76372,76371,C,C,G,G,C,FALSE,FALSE,TRUE,TRUE,0.583,0.312,0.667,0.6,0.452,0.429,24,32,15,25,31,21
3680439,SUPERPANG_62_length=73671,1761,C,G,C,C,G,FALSE,FALSE,TRUE,TRUE,0.304,0.617,0.411,0.742,0.534,0.236,181,240,141,155,221,254
3680442,SUPERPANG_62_length=73671,1764,A,G,A,A,G,FALSE,FALSE,TRUE,TRUE,0.295,0.583,0.387,0.768,0.538,0.252,183,240,142,155,225,254
3680445,SUPERPANG_62_length=73671,1767,A,G,A,A,G,FALSE,FALSE,TRUE,TRUE,0.281,0.546,0.426,0.783,0.53,0.28,199,260,136,166,232,264
3878390,SUPERPANG_64_length=51292,51292,A,A,G,G,A,FALSE,FALSE,TRUE,TRUE,0.333,0.5,0.6,0.2,0,0,3,6,5,5,5,4
3878393,SUPERPANG_65_length=14347,3,G,G,C,C,G,FALSE,FALSE,TRUE,TRUE,0.5,0.143,0,0.333,1,0.333,2,7,2,3,1,3
3988602,SUPERPANG_68_length=77131,63401,C,C,T,T,C,FALSE,FALSE,TRUE,TRUE,0.623,0.373,0.479,0.214,0.393,0.717,154,225,146,206,183,283
4008853,SUPERPANG_69_length=59648,6521,G,C,G,G,C,FALSE,FALSE,TRUE,TRUE,0.391,0.565,0.4,0.822,0.459,0.294,133,170,95,152,159,248
4061984,SUPERPANG_6_length=94761,4,A,T,A,A,T,FALSE,FALSE,TRUE,TRUE,0.436,0.447,0.543,0.494,0.42,0.377,55,38,35,79,50,53
4196667,SUPERPANG_70_length=39927,39926,G,C,G,G,C,FALSE,FALSE,TRUE,TRUE,0.342,0.368,0.605,0.425,0.547,0.517,38,38,43,73,53,58
4536737,SUPERPANG_77_length=2513,2511,T,G,C,C,T,FALSE,FALSE,TRUE,FALSE,0.75,0.2,0.5,0.231,0.429,0.615,4,5,2,13,14,13
4540249,SUPERPANG_7_length=57438,3,C,C,T,T,C,FALSE,FALSE,TRUE,TRUE,0.538,0.286,0.667,0.333,0.333,0,13,7,3,3,3,1
4598913,SUPERPANG_81_length=1195,3,T,T,G,G,T,FALSE,FALSE,TRUE,TRUE,0.4,0.407,0.4,0.25,0.25,0.321,5,27,10,4,8,28
4598914,SUPERPANG_81_length=1195,4,A,A,T,T,A,FALSE,FALSE,TRUE,TRUE,0.5,0.458,0.4,0.25,0.25,0.379,4,24,10,4,8,29
4600103,SUPERPANG_81_length=1195,1193,A,A,C,C,A,FALSE,FALSE,TRUE,TRUE,0.4,0.556,0.5,1,0.5,0.222,10,9,2,1,4,18
4602760,SUPERPANG_84_length=880,879,C,C,A,A,C,FALSE,FALSE,TRUE,TRUE,0.385,0.312,0.5,0.414,0.577,0.45,13,16,8,29,26,20
4605529,SUPERPANG_85_length=145960,2768,T,C,A,A,C,FALSE,FALSE,TRUE,TRUE,0.438,0.478,0.556,0.407,0.44,0.263,48,46,27,27,25,19
4788797,SUPERPANG_86_length=40076,40076,G,G,C,C,G,FALSE,FALSE,TRUE,TRUE,0.4,0.345,0.412,0.576,0.286,0.524,25,29,17,33,14,21
4788798,SUPERPANG_87_length=146998,1,T,T,G,G,T,FALSE,FALSE,TRUE,TRUE,0,0.6,0,0.25,0.154,0.2,1,5,1,4,13,5
4870842,SUPERPANG_87_length=146998,82045,G,A,G,G,A,FALSE,FALSE,TRUE,TRUE,0.23,0.434,0.51,0.698,0.505,0.355,135,173,104,139,208,228
4870844,SUPERPANG_87_length=146998,82047,A,G,A,A,G,FALSE,FALSE,TRUE,TRUE,0.287,0.408,0.476,0.669,0.502,0.347,167,191,126,166,227,236
4992740,SUPERPANG_8_length=195399,56075,G,G,T,T,G,FALSE,FALSE,TRUE,TRUE,0.478,0.504,0.52,0.481,0.474,0.491,1989,1909,1331,2132,1812,1560
5133405,SUPERPANG_93_length=11667,93,C,T,C,C,T,FALSE,FALSE,TRUE,TRUE,0,0.667,0.333,0.5,0.333,0.286,4,3,3,12,3,7
5133408,SUPERPANG_93_length=11667,96,T,G,T,T,G,FALSE,FALSE,TRUE,TRUE,0.588,0.538,0.308,0.296,0.667,0.467,17,13,13,27,9,15
5133411,SUPERPANG_93_length=11667,99,G,T,G,G,T,FALSE,FALSE,TRUE,TRUE,0.48,0.278,0.2,0.349,0.722,0.6,25,18,15,43,18,25
5133412,SUPERPANG_93_length=11667,100,C,G,C,C,G,FALSE,FALSE,TRUE,TRUE,0.519,0.391,0.25,0.347,0.722,0.556,27,23,16,49,18,27
5237986,SUPERPANG_97_length=51150,51148,C,T,C,C,T,FALSE,FALSE,TRUE,TRUE,0.489,0.414,0.39,0.425,0.39,0.545,47,58,41,73,41,66
5238368,SUPERPANG_99_length=49566,21,G,A,C,C,A,FALSE,FALSE,TRUE,TRUE,0.5,0.333,0.5,0.5,0.222,0.667,6,3,6,6,9,9
5238369,SUPERPANG_99_length=49566,22,G,A,G,G,A,FALSE,FALSE,TRUE,TRUE,0.375,0.167,0.5,0.438,0.2,0.533,8,6,8,16,15,15
5238372,SUPERPANG_99_length=49566,25,C,C,T,T,C,FALSE,FALSE,TRUE,TRUE,0.478,0.294,0.583,0.414,0.409,0.6,23,17,12,29,22,30
5238373,SUPERPANG_99_length=49566,26,G,G,C,C,G,FALSE,FALSE,TRUE,TRUE,0.536,0.333,0.538,0.364,0.4,0.6,28,18,13,33,25,30
5287912,SUPERPANG_99_length=49566,49565,A,C,G,G,A,FALSE,FALSE,TRUE,FALSE,0.438,0.679,0.167,0.316,0.519,0.295,32,28,18,57,27,44